Site,Case,DBH,DSoB,DSuB,BT_base,Log1,Log2,Log3,Log4,Log5,Log6,Log7,LogTotal,Wood1,Wood2,Wood3,Wood4,Wood5,Wood6,Wood7,WoodTotal,Num_of_segs,Length,DBH_class,DSoB_class,DSuB_class,wood_segment,wood_weight,BW1,BW2,BW3,BW4,BW5,BW6,BW7
CP,T1,20,30.5,29,1.5,72.7,46.3,39.3,30.6,23.9,15.7,9.5,238,61.5,40.4,35.5,25.9,19.9,12.5,7,202.7,7,1706.6,Large,Large,Large,1,61.5,11.2,5.9,3.8,4.7,4,3.2,2.5
CP,T2,16,24,22,2,69.9,48.4,34.8,27.4,19.9,13.4,6,219.8,50,35.4,29.8,23,16.4,10.3,5.3,170.2,7,1706.6,Large,Large,Large,1,50,19.9,13,5,4.4,3.5,3.1,0.7
CP,T3,17,22,20,2,62,44,36,30,22,16,9,219,59,36,30,23,19,11,8,186,7,1706.6,Large,Large,Large,1,59,3,8,6,7,3,5,1
CP,T4,15,23,20,3,57,42,35,30,25,19,12,220,49,34,30,27,20,15,10,185,7,1706.6,Medium,Large,Large,1,49,8,8,5,3,5,4,2
CP,T5,17,20,18,2,53,49,36,30,25,16,11,220,50,46,30,28,19,13,9,195,7,1706.6,Large,Medium,Large,1,50,3,3,6,2,6,3,2
CP,T6,28,26,23,3,88,53,47,46,34,23,15,306,73,50,40,33,29,20,12,257,7,1706.6,Large,Large,Large,1,73,15,3,7,13,5,3,3
CP,T7,12.5,16,15,1,32,19,15,10,5,0,0,81,26,15,11,7,3,0,0,62,5,1219,Medium,Medium,Medium,1,26,6,4,4,3,2,0,0
CP,T8,15,18.5,17,1.5,57,43,33,29,21,14,8,205,50,39,31,25,19,11,4,179,7,1706.6,Medium,Medium,Medium,1,50,7,4,2,4,2,3,4
CP,T9,16,21,19.2,1.8,59.4,38,31.2,24.4,19.9,12.4,6.8,192.1,50.8,34.8,26.6,20.6,15.3,9.5,5.1,162.7,7,1706.6,Large,Large,Large,1,50.8,8.6,3.2,4.6,3.8,4.6,2.9,1.7
CP,T10,20,22,20,2,66.2,39.4,31.7,25.2,18.8,12.6,5.9,199.8,54.9,35.5,26.8,21,15.2,9.5,3.9,166.8,7,1706.6,Large,Large,Large,1,54.9,11.3,3.9,4.9,4.2,3.6,3.1,2
CP,T11,16,20.5,18.5,2,60,45.4,36.5,28.5,14.4,11.7,9,205.5,53.1,40.1,31.9,24.7,16.8,9.7,6.8,183.1,7,1706.6,Large,Large,Large,1,53.1,6.9,5.3,4.6,3.8,-2.4,2,2.2
CP,T12,15,20,18,2,58.3,45.4,37.4,30.1,22.4,14.6,7.4,215.6,52.1,41,33.3,26.4,19.4,12.4,5.9,190.5,7,1706.6,Medium,Medium,Large,1,52.1,6.2,4.4,4.1,3.7,3,2.2,1.5
CP,T13,16,18.7,17,1.7,54.2,40.7,34.1,29,21.9,16.1,8.9,204.9,48.4,36.8,30.7,26,19.7,13.6,7.4,182.6,7,1706.6,Large,Medium,Medium,1,48.4,5.8,3.9,3.4,3,2.2,2.5,1.5
CP,T14,16,32,28,4,66.3,46.7,40.9,32.3,24.9,17.3,9.5,237.9,58.5,41.9,36.7,28.7,21.7,14.6,7,209.1,7,1706.6,Large,Large,Large,1,58.5,7.8,4.8,4.2,3.6,3.2,2.7,2.5
CP,T15,22,24,22,2,81.1,55.7,44,37.9,29.6,19.4,12,284.7,69.5,48.1,37.7,32.2,24.8,16.9,10.4,239.6,7,1706.6,Large,Large,Large,1,69.5,11.6,7.6,6.3,5.7,4.8,2.5,1.6
CP,T16,15,22,20,2,45,35,29,25,15,11.5,8,168.5,37,30,24,22,17,10.5,6,146.5,7,1706.6,Medium,Large,Large,1,37,8,5,5,3,-2,1,2
CP,T17,10,18,16,2,42,37,30,28,22,18,0,177,38,32.5,27,22,16,19,0,154.5,6,1462.8,Small,Medium,Medium,1,38,4,4.5,3,6,6,-1,0
CP,T18,13,19.5,17,2.5,57,44,36.5,32,28,17,11.5,226,50,40,30.5,29.5,27,12.5,7,196.5,7,1706.6,Medium,Medium,Medium,1,50,7,4,6,2.5,1,4.5,4.5
CP,T19,13,18.1,16,2.1,45,35.4,26,18.5,13.5,7,0,145.4,36,28.5,19,15,9.5,5.5,0,113.5,7,1706.6,Medium,Medium,Medium,1,36,9,6.9,7,3.5,4,1.5,0
CP,T20,13.5,19,17,2,57,49.5,39,26,15,11.5,9.5,207.5,51,46.5,33,21.5,11,9,0,172,6,1462.8,Medium,Medium,Medium,1,51,6,3,6,4.5,4,2.5,9.5
CP,T21,13.2,19,17,2,59.5,42,36,23,16,9.1,5,190.6,49,31,19,16,17,7,3,142,7,1706.6,Medium,Medium,Medium,1,49,10.5,11,17,7,-1,2.1,2
CP,T22,18,23,21,2,70,47.1,38.6,30,22.1,15.5,7.8,231.1,60.7,42.2,34.2,26.5,19.7,12.5,6.5,202.3,7,1706.6,Large,Large,Large,1,60.7,9.3,4.9,4.4,3.5,2.4,3,1.3
CP,T23,15.5,14,12,2,59,33,29,21,18,10,1,171,49,29,21,19,12,7,0.75,137.75,7,1706.6,Large,Small,Small,1,49,10,4,8,2,6,3,0.25
CP,T24,16,21,19,2,56,46,36,29,23,17,10,217,53.4,40,33.6,26.2,19.3,12.6,5.7,190.8,7,1706.6,Large,Large,Large,1,53.4,2.6,6,2.4,2.8,3.7,4.4,4.3
CP,T25,13.2,20,17,3,56,49,41,36,28,12,0,222,49.5,43,36.5,26.4,19,0,0,174.4,5,1219,Medium,Medium,Medium,1,49.5,6.5,6,4.5,9.6,9,12,0
FR,T26,6,6.2,5.9,0.3,7.4,5.1,0,0,0,0,0,12.5,6,4.4,0,0,0,0,0,10.4,2,487.6,Small,Small,Small,1,6,1.4,0.7,0,0,0,0,0
FR,T28,7,9,8,1,10.5,7.1,5,3.2,0,0,0,25.8,8.6,5.8,3.6,1.6,0,0,0,19.6,4,975.2,Small,Small,Small,1,8.6,1.9,1.3,1.4,1.6,0,0,0
FR,T29,14.5,19.5,17.5,2,29.7,21.6,6.4,4.5,0,0,0,62.2,19.9,13.5,7.2,0,0,0,0,40.6,3,731.4,Medium,Medium,Medium,1,19.9,9.8,8.1,-0.8,4.5,0,0,0
FR,T30,10.5,15,13,2,13.1,8.2,4.3,3.4,0,0,0,29,11.6,5.2,3.2,2,0,0,0,22,4,975.2,Small,Small,Small,1,11.6,1.5,3,1.1,1.4,0,0,0
FR,T31,16.5,18.3,16,2.3,21.7,16.7,4.4,3.9,0,0,0,46.7,14.9,12.1,3.8,2.8,0,0,0,33.6,4,975.2,Large,Medium,Medium,1,14.9,6.8,4.6,0.6,1.1,0,0,0
FR,T32,15.5,20.2,18.4,1.8,23.2,18.7,15.2,8.2,5.3,2,0,72.6,19.9,17,12.7,7,4.1,1.6,0,62.3,6,1462.8,Large,Large,Large,1,19.9,3.3,1.7,2.5,1.2,1.2,0.4,0
FR,T33,10,15,13.5,1.5,20.8,15.1,9.9,6.4,2.4,0,0,54.6,16.6,11.6,7.7,5.2,2.2,0,0,43.3,5,1219,Small,Small,Medium,1,16.6,4.2,3.5,2.2,1.2,0.2,0,0
FR,T34,11,18,16,2,14.2,8.4,3.9,2.3,0,0,0,28.8,12.4,5,2.8,2,0,0,0,22.2,4,975.2,Medium,Medium,Medium,1,12.4,1.8,3.4,1.1,0.3,0,0,0
FR,T35,5,6.5,5.5,1,4.8,3.1,2,0,0,0,0,9.9,4,2.6,0,0,0,0,0,6.6,2,487.6,Small,Small,Small,1,4,0.8,0.5,2,0,0,0,0
FR,T36,11,14.5,12.5,2,7.8,3.1,2,0,0,0,0,12.9,6.4,2.6,0,0,0,0,0,9,2,487.6,Medium,Small,Small,1,6.4,1.4,0.5,2,0,0,0,0
FR,T37,11.4,14.7,13,1.7,11.4,6.6,2.8,0.9,0,0,0,21.7,8.8,4.8,1.9,0.7,0,0,0,16.2,3,731.4,Medium,Small,Small,1,8.8,2.6,1.8,0.9,0.2,0,0,0
FR,T38,7,8,7.2,0.8,11,7.1,4.9,2.4,0,0,0,25.4,9,6,4.2,1.9,0,0,0,21.1,3,731.4,Small,Small,Small,1,9,2,1.1,0.7,0.5,0,0,0
FR,T39,6,12,10,2,14.1,8.6,5.1,1.7,0,0,0,15.4,11.4,6.2,6,0,0,0,0,23.6,4,975.2,Small,Small,Small,1,11.4,2.7,2.4,-0.9,1.7,0,0,0
FR,T40,6,11,10,1,14.2,9.9,6.9,4.6,1.7,1.6,0,38.9,11.1,7.8,5.4,3.3,1.1,1,0,29.7,6,1462.8,Small,Small,Small,1,11.1,3.1,2.1,1.5,1.3,0.6,0.6,0
FR,T41,10,17,15,2,18.8,12,9.5,6.3,3.3,9,0,49.9,14.7,9.2,4,2.5,0.6,0,0,31,5,1219,Small,Medium,Medium,1,14.7,4.1,2.8,5.5,3.8,2.7,9,0
FR,T42,3.5,11,9,2,10,0,0,0,0,0,0,10,6,0,0,0,0,0,0,6,1,243.8,Small,Small,Small,1,6,4,0,0,0,0,0,0
FR,T43,9,10.4,9.3,1.1,14.7,9.3,6.5,4,0,0,0,34.5,11.6,7.4,5.1,2.8,0,0,0,26.9,5,1219,Small,Small,Small,1,11.6,3.1,1.9,1.4,1.2,0,0,0
FR,T44,11.5,18,17.2,0.8,27.8,17.1,13.2,10.3,6.7,2.5,0,77.6,21.9,14.4,10.8,8,4.8,1.8,0,61.7,6,1462.8,Medium,Medium,Medium,1,21.9,5.9,2.7,2.4,2.3,1.9,0.7,0
FR,T45,17,22,20.5,1.5,54.4,35.7,28,20.8,14.5,11,3.6,168,48.9,30.5,21.8,18.4,12.4,7.3,2.5,141.8,7,1706.6,Large,Large,Large,1,48.9,5.5,5.2,6.2,2.4,2.1,3.7,1.1
CP,T46,9,12.5,11.5,1,19,11,9,6,0,0,0,45,13,10,9,0,0,0,0,32,4,975.2,Small,Small,Small,1,13,6,1,0,6,0,0,0
CP,T47,3.5,5,4,1,4,2,0,0,0,0,0,6,2,1.5,0,0,0,0,0,3.5,3,731.4,Small,Small,Small,1,2,2,0.5,0,0,0,0,0
CP,T48,11,15,14,1,25,18,13,10,5,0,0,71,21,14,10.5,7,4,0,0,56.5,6,1462.8,Medium,Small,Medium,1,21,4,4,2.5,3,1,0,0
CP,T49,4.5,7,6,1,9,8,4,2,0,0,0,23,8.5,7,4,2,0,0,0,21.5,5,1219,Small,Small,Small,1,8.5,0.5,1,0,0,0,0,0
CP,T50,12.5,15,14,1,33,23,19,14,9,5,1,104,29,21,16,12,8,4,1,91,7,1706.6,Medium,Small,Medium,1,29,4,2,3,2,1,1,0
CP,T51,12.5,17.5,16,1.5,36,24,20,16,11,7,2,116,30,21,17,13,9,5,2,97,7,1706.6,Medium,Medium,Medium,1,30,6,3,3,3,2,2,0
CP,T52,5,8,7,1,10,0,0,0,0,0,0,10,8.5,0,0,0,0,0,0,8.5,2,487.6,Small,Small,Small,1,8.5,1.5,0,0,0,0,0,0
CP,T53,6,8,7,1,7.8,5.2,3,1.2,0,0,0,17.2,6,3.8,2.1,0.7,0,0,0,12.6,5,1219,Small,Small,Small,1,6,1.8,1.4,0.9,0.5,0,0,0
CP,T54,6.5,9.5,8,1.5,10,7,4,2,0,0,0,23,10,7,4,1.8,0,0,0,22.8,5,1219,Small,Small,Small,1,10,0,0,0,0.2,0,0,0
CP,T1,20,30.5,29,1.5,72.7,46.3,39.3,30.6,23.9,15.7,9.5,238,61.5,40.4,35.5,25.9,19.9,12.5,7,202.7,7,1706.6,Large,Large,Large,2,40.4,11.2,5.9,3.8,4.7,4,3.2,2.5
CP,T2,16,24,22,2,69.9,48.4,34.8,27.4,19.9,13.4,6,219.8,50,35.4,29.8,23,16.4,10.3,5.3,170.2,7,1706.6,Large,Large,Large,2,35.4,19.9,13,5,4.4,3.5,3.1,0.7
CP,T3,17,22,20,2,62,44,36,30,22,16,9,219,59,36,30,23,19,11,8,186,7,1706.6,Large,Large,Large,2,36,3,8,6,7,3,5,1
CP,T4,15,23,20,3,57,42,35,30,25,19,12,220,49,34,30,27,20,15,10,185,7,1706.6,Medium,Large,Large,2,34,8,8,5,3,5,4,2
CP,T5,17,20,18,2,53,49,36,30,25,16,11,220,50,46,30,28,19,13,9,195,7,1706.6,Large,Medium,Large,2,46,3,3,6,2,6,3,2
CP,T6,28,26,23,3,88,53,47,46,34,23,15,306,73,50,40,33,29,20,12,257,7,1706.6,Large,Large,Large,2,50,15,3,7,13,5,3,3
CP,T7,12.5,16,15,1,32,19,15,10,5,0,0,81,26,15,11,7,3,0,0,62,5,1219,Medium,Medium,Medium,2,15,6,4,4,3,2,0,0
CP,T8,15,18.5,17,1.5,57,43,33,29,21,14,8,205,50,39,31,25,19,11,4,179,7,1706.6,Medium,Medium,Medium,2,39,7,4,2,4,2,3,4
CP,T9,16,21,19.2,1.8,59.4,38,31.2,24.4,19.9,12.4,6.8,192.1,50.8,34.8,26.6,20.6,15.3,9.5,5.1,162.7,7,1706.6,Large,Large,Large,2,34.8,8.6,3.2,4.6,3.8,4.6,2.9,1.7
CP,T10,20,22,20,2,66.2,39.4,31.7,25.2,18.8,12.6,5.9,199.8,54.9,35.5,26.8,21,15.2,9.5,3.9,166.8,7,1706.6,Large,Large,Large,2,35.5,11.3,3.9,4.9,4.2,3.6,3.1,2
CP,T11,16,20.5,18.5,2,60,45.4,36.5,28.5,14.4,11.7,9,205.5,53.1,40.1,31.9,24.7,16.8,9.7,6.8,183.1,7,1706.6,Large,Large,Large,2,40.1,6.9,5.3,4.6,3.8,-2.4,2,2.2
CP,T12,15,20,18,2,58.3,45.4,37.4,30.1,22.4,14.6,7.4,215.6,52.1,41,33.3,26.4,19.4,12.4,5.9,190.5,7,1706.6,Medium,Medium,Large,2,41,6.2,4.4,4.1,3.7,3,2.2,1.5
CP,T13,16,18.7,17,1.7,54.2,40.7,34.1,29,21.9,16.1,8.9,204.9,48.4,36.8,30.7,26,19.7,13.6,7.4,182.6,7,1706.6,Large,Medium,Medium,2,36.8,5.8,3.9,3.4,3,2.2,2.5,1.5
CP,T14,16,32,28,4,66.3,46.7,40.9,32.3,24.9,17.3,9.5,237.9,58.5,41.9,36.7,28.7,21.7,14.6,7,209.1,7,1706.6,Large,Large,Large,2,41.9,7.8,4.8,4.2,3.6,3.2,2.7,2.5
CP,T15,22,24,22,2,81.1,55.7,44,37.9,29.6,19.4,12,284.7,69.5,48.1,37.7,32.2,24.8,16.9,10.4,239.6,7,1706.6,Large,Large,Large,2,48.1,11.6,7.6,6.3,5.7,4.8,2.5,1.6
CP,T16,15,22,20,2,45,35,29,25,15,11.5,8,168.5,37,30,24,22,17,10.5,6,146.5,7,1706.6,Medium,Large,Large,2,30,8,5,5,3,-2,1,2
CP,T17,10,18,16,2,42,37,30,28,22,18,0,177,38,32.5,27,22,16,19,0,154.5,6,1462.8,Small,Medium,Medium,2,32.5,4,4.5,3,6,6,-1,0
CP,T18,13,19.5,17,2.5,57,44,36.5,32,28,17,11.5,226,50,40,30.5,29.5,27,12.5,7,196.5,7,1706.6,Medium,Medium,Medium,2,40,7,4,6,2.5,1,4.5,4.5
CP,T19,13,18.1,16,2.1,45,35.4,26,18.5,13.5,7,0,145.4,36,28.5,19,15,9.5,5.5,0,113.5,7,1706.6,Medium,Medium,Medium,2,28.5,9,6.9,7,3.5,4,1.5,0
CP,T20,13.5,19,17,2,57,49.5,39,26,15,11.5,9.5,207.5,51,46.5,33,21.5,11,9,0,172,6,1462.8,Medium,Medium,Medium,2,46.5,6,3,6,4.5,4,2.5,9.5
CP,T21,13.2,19,17,2,59.5,42,36,23,16,9.1,5,190.6,49,31,19,16,17,7,3,142,7,1706.6,Medium,Medium,Medium,2,31,10.5,11,17,7,-1,2.1,2
CP,T22,18,23,21,2,70,47.1,38.6,30,22.1,15.5,7.8,231.1,60.7,42.2,34.2,26.5,19.7,12.5,6.5,202.3,7,1706.6,Large,Large,Large,2,42.2,9.3,4.9,4.4,3.5,2.4,3,1.3
CP,T23,15.5,14,12,2,59,33,29,21,18,10,1,171,49,29,21,19,12,7,0.75,137.75,7,1706.6,Large,Small,Small,2,29,10,4,8,2,6,3,0.25
CP,T24,16,21,19,2,56,46,36,29,23,17,10,217,53.4,40,33.6,26.2,19.3,12.6,5.7,190.8,7,1706.6,Large,Large,Large,2,40,2.6,6,2.4,2.8,3.7,4.4,4.3
CP,T25,13.2,20,17,3,56,49,41,36,28,12,0,222,49.5,43,36.5,26.4,19,0,0,174.4,5,1219,Medium,Medium,Medium,2,43,6.5,6,4.5,9.6,9,12,0
FR,T26,6,6.2,5.9,0.3,7.4,5.1,0,0,0,0,0,12.5,6,4.4,0,0,0,0,0,10.4,2,487.6,Small,Small,Small,2,4.4,1.4,0.7,0,0,0,0,0
FR,T27,13.5,29,27,2,42,26,18,16,11,6,0,119,35.9,22,17,13.2,8.9,4.5,0,101.5,6,1462.8,Medium,Large,Large,2,22,6.1,4,1,2.8,2.1,1.5,0
FR,T28,7,9,8,1,10.5,7.1,5,3.2,0,0,0,25.8,8.6,5.8,3.6,1.6,0,0,0,19.6,4,975.2,Small,Small,Small,2,5.8,1.9,1.3,1.4,1.6,0,0,0
FR,T29,14.5,19.5,17.5,2,29.7,21.6,6.4,4.5,0,0,0,62.2,19.9,13.5,7.2,0,0,0,0,40.6,3,731.4,Medium,Medium,Medium,2,13.5,9.8,8.1,-0.8,4.5,0,0,0
FR,T30,10.5,15,13,2,13.1,8.2,4.3,3.4,0,0,0,29,11.6,5.2,3.2,2,0,0,0,22,4,975.2,Small,Small,Small,2,5.2,1.5,3,1.1,1.4,0,0,0
FR,T31,16.5,18.3,16,2.3,21.7,16.7,4.4,3.9,0,0,0,46.7,14.9,12.1,3.8,2.8,0,0,0,33.6,4,975.2,Large,Medium,Medium,2,12.1,6.8,4.6,0.6,1.1,0,0,0
FR,T32,15.5,20.2,18.4,1.8,23.2,18.7,15.2,8.2,5.3,2,0,72.6,19.9,17,12.7,7,4.1,1.6,0,62.3,6,1462.8,Large,Large,Large,2,17,3.3,1.7,2.5,1.2,1.2,0.4,0
FR,T33,10,15,13.5,1.5,20.8,15.1,9.9,6.4,2.4,0,0,54.6,16.6,11.6,7.7,5.2,2.2,0,0,43.3,5,1219,Small,Small,Medium,2,11.6,4.2,3.5,2.2,1.2,0.2,0,0
FR,T34,11,18,16,2,14.2,8.4,3.9,2.3,0,0,0,28.8,12.4,5,2.8,2,0,0,0,22.2,4,975.2,Medium,Medium,Medium,2,5,1.8,3.4,1.1,0.3,0,0,0
FR,T35,5,6.5,5.5,1,4.8,3.1,2,0,0,0,0,9.9,4,2.6,0,0,0,0,0,6.6,2,487.6,Small,Small,Small,2,2.6,0.8,0.5,2,0,0,0,0
FR,T36,11,14.5,12.5,2,7.8,3.1,2,0,0,0,0,12.9,6.4,2.6,0,0,0,0,0,9,2,487.6,Medium,Small,Small,2,2.6,1.4,0.5,2,0,0,0,0
FR,T37,11.4,14.7,13,1.7,11.4,6.6,2.8,0.9,0,0,0,21.7,8.8,4.8,1.9,0.7,0,0,0,16.2,3,731.4,Medium,Small,Small,2,4.8,2.6,1.8,0.9,0.2,0,0,0
FR,T38,7,8,7.2,0.8,11,7.1,4.9,2.4,0,0,0,25.4,9,6,4.2,1.9,0,0,0,21.1,3,731.4,Small,Small,Small,2,6,2,1.1,0.7,0.5,0,0,0
FR,T39,6,12,10,2,14.1,8.6,5.1,1.7,0,0,0,15.4,11.4,6.2,6,0,0,0,0,23.6,4,975.2,Small,Small,Small,2,6.2,2.7,2.4,-0.9,1.7,0,0,0
FR,T40,6,11,10,1,14.2,9.9,6.9,4.6,1.7,1.6,0,38.9,11.1,7.8,5.4,3.3,1.1,1,0,29.7,6,1462.8,Small,Small,Small,2,7.8,3.1,2.1,1.5,1.3,0.6,0.6,0
FR,T41,10,17,15,2,18.8,12,9.5,6.3,3.3,9,0,49.9,14.7,9.2,4,2.5,0.6,0,0,31,5,1219,Small,Medium,Medium,2,9.2,4.1,2.8,5.5,3.8,2.7,9,0
FR,T43,9,10.4,9.3,1.1,14.7,9.3,6.5,4,0,0,0,34.5,11.6,7.4,5.1,2.8,0,0,0,26.9,5,1219,Small,Small,Small,2,7.4,3.1,1.9,1.4,1.2,0,0,0
FR,T44,11.5,18,17.2,0.8,27.8,17.1,13.2,10.3,6.7,2.5,0,77.6,21.9,14.4,10.8,8,4.8,1.8,0,61.7,6,1462.8,Medium,Medium,Medium,2,14.4,5.9,2.7,2.4,2.3,1.9,0.7,0
FR,T45,17,22,20.5,1.5,54.4,35.7,28,20.8,14.5,11,3.6,168,48.9,30.5,21.8,18.4,12.4,7.3,2.5,141.8,7,1706.6,Large,Large,Large,2,30.5,5.5,5.2,6.2,2.4,2.1,3.7,1.1
CP,T46,9,12.5,11.5,1,19,11,9,6,0,0,0,45,13,10,9,0,0,0,0,32,4,975.2,Small,Small,Small,2,10,6,1,0,6,0,0,0
CP,T47,3.5,5,4,1,4,2,0,0,0,0,0,6,2,1.5,0,0,0,0,0,3.5,3,731.4,Small,Small,Small,2,1.5,2,0.5,0,0,0,0,0
CP,T48,11,15,14,1,25,18,13,10,5,0,0,71,21,14,10.5,7,4,0,0,56.5,6,1462.8,Medium,Small,Medium,2,14,4,4,2.5,3,1,0,0
CP,T49,4.5,7,6,1,9,8,4,2,0,0,0,23,8.5,7,4,2,0,0,0,21.5,5,1219,Small,Small,Small,2,7,0.5,1,0,0,0,0,0
CP,T50,12.5,15,14,1,33,23,19,14,9,5,1,104,29,21,16,12,8,4,1,91,7,1706.6,Medium,Small,Medium,2,21,4,2,3,2,1,1,0
CP,T51,12.5,17.5,16,1.5,36,24,20,16,11,7,2,116,30,21,17,13,9,5,2,97,7,1706.6,Medium,Medium,Medium,2,21,6,3,3,3,2,2,0
CP,T53,6,8,7,1,7.8,5.2,3,1.2,0,0,0,17.2,6,3.8,2.1,0.7,0,0,0,12.6,5,1219,Small,Small,Small,2,3.8,1.8,1.4,0.9,0.5,0,0,0
CP,T54,6.5,9.5,8,1.5,10,7,4,2,0,0,0,23,10,7,4,1.8,0,0,0,22.8,5,1219,Small,Small,Small,2,7,0,0,0,0.2,0,0,0
CP,T1,20,30.5,29,1.5,72.7,46.3,39.3,30.6,23.9,15.7,9.5,238,61.5,40.4,35.5,25.9,19.9,12.5,7,202.7,7,1706.6,Large,Large,Large,3,35.5,11.2,5.9,3.8,4.7,4,3.2,2.5
CP,T2,16,24,22,2,69.9,48.4,34.8,27.4,19.9,13.4,6,219.8,50,35.4,29.8,23,16.4,10.3,5.3,170.2,7,1706.6,Large,Large,Large,3,29.8,19.9,13,5,4.4,3.5,3.1,0.7
CP,T3,17,22,20,2,62,44,36,30,22,16,9,219,59,36,30,23,19,11,8,186,7,1706.6,Large,Large,Large,3,30,3,8,6,7,3,5,1
CP,T4,15,23,20,3,57,42,35,30,25,19,12,220,49,34,30,27,20,15,10,185,7,1706.6,Medium,Large,Large,3,30,8,8,5,3,5,4,2
CP,T5,17,20,18,2,53,49,36,30,25,16,11,220,50,46,30,28,19,13,9,195,7,1706.6,Large,Medium,Large,3,30,3,3,6,2,6,3,2
CP,T6,28,26,23,3,88,53,47,46,34,23,15,306,73,50,40,33,29,20,12,257,7,1706.6,Large,Large,Large,3,40,15,3,7,13,5,3,3
CP,T7,12.5,16,15,1,32,19,15,10,5,0,0,81,26,15,11,7,3,0,0,62,5,1219,Medium,Medium,Medium,3,11,6,4,4,3,2,0,0
CP,T8,15,18.5,17,1.5,57,43,33,29,21,14,8,205,50,39,31,25,19,11,4,179,7,1706.6,Medium,Medium,Medium,3,31,7,4,2,4,2,3,4
CP,T9,16,21,19.2,1.8,59.4,38,31.2,24.4,19.9,12.4,6.8,192.1,50.8,34.8,26.6,20.6,15.3,9.5,5.1,162.7,7,1706.6,Large,Large,Large,3,26.6,8.6,3.2,4.6,3.8,4.6,2.9,1.7
CP,T10,20,22,20,2,66.2,39.4,31.7,25.2,18.8,12.6,5.9,199.8,54.9,35.5,26.8,21,15.2,9.5,3.9,166.8,7,1706.6,Large,Large,Large,3,26.8,11.3,3.9,4.9,4.2,3.6,3.1,2
CP,T11,16,20.5,18.5,2,60,45.4,36.5,28.5,14.4,11.7,9,205.5,53.1,40.1,31.9,24.7,16.8,9.7,6.8,183.1,7,1706.6,Large,Large,Large,3,31.9,6.9,5.3,4.6,3.8,-2.4,2,2.2
CP,T12,15,20,18,2,58.3,45.4,37.4,30.1,22.4,14.6,7.4,215.6,52.1,41,33.3,26.4,19.4,12.4,5.9,190.5,7,1706.6,Medium,Medium,Large,3,33.3,6.2,4.4,4.1,3.7,3,2.2,1.5
CP,T13,16,18.7,17,1.7,54.2,40.7,34.1,29,21.9,16.1,8.9,204.9,48.4,36.8,30.7,26,19.7,13.6,7.4,182.6,7,1706.6,Large,Medium,Medium,3,30.7,5.8,3.9,3.4,3,2.2,2.5,1.5
CP,T14,16,32,28,4,66.3,46.7,40.9,32.3,24.9,17.3,9.5,237.9,58.5,41.9,36.7,28.7,21.7,14.6,7,209.1,7,1706.6,Large,Large,Large,3,36.7,7.8,4.8,4.2,3.6,3.2,2.7,2.5
CP,T15,22,24,22,2,81.1,55.7,44,37.9,29.6,19.4,12,284.7,69.5,48.1,37.7,32.2,24.8,16.9,10.4,239.6,7,1706.6,Large,Large,Large,3,37.7,11.6,7.6,6.3,5.7,4.8,2.5,1.6
CP,T16,15,22,20,2,45,35,29,25,15,11.5,8,168.5,37,30,24,22,17,10.5,6,146.5,7,1706.6,Medium,Large,Large,3,24,8,5,5,3,-2,1,2
CP,T17,10,18,16,2,42,37,30,28,22,18,0,177,38,32.5,27,22,16,19,0,154.5,6,1462.8,Small,Medium,Medium,3,27,4,4.5,3,6,6,-1,0
CP,T18,13,19.5,17,2.5,57,44,36.5,32,28,17,11.5,226,50,40,30.5,29.5,27,12.5,7,196.5,7,1706.6,Medium,Medium,Medium,3,30.5,7,4,6,2.5,1,4.5,4.5
CP,T19,13,18.1,16,2.1,45,35.4,26,18.5,13.5,7,0,145.4,36,28.5,19,15,9.5,5.5,0,113.5,7,1706.6,Medium,Medium,Medium,3,19,9,6.9,7,3.5,4,1.5,0
CP,T20,13.5,19,17,2,57,49.5,39,26,15,11.5,9.5,207.5,51,46.5,33,21.5,11,9,0,172,6,1462.8,Medium,Medium,Medium,3,33,6,3,6,4.5,4,2.5,9.5
CP,T21,13.2,19,17,2,59.5,42,36,23,16,9.1,5,190.6,49,31,19,16,17,7,3,142,7,1706.6,Medium,Medium,Medium,3,19,10.5,11,17,7,-1,2.1,2
CP,T22,18,23,21,2,70,47.1,38.6,30,22.1,15.5,7.8,231.1,60.7,42.2,34.2,26.5,19.7,12.5,6.5,202.3,7,1706.6,Large,Large,Large,3,34.2,9.3,4.9,4.4,3.5,2.4,3,1.3
CP,T23,15.5,14,12,2,59,33,29,21,18,10,1,171,49,29,21,19,12,7,0.75,137.75,7,1706.6,Large,Small,Small,3,21,10,4,8,2,6,3,0.25
CP,T24,16,21,19,2,56,46,36,29,23,17,10,217,53.4,40,33.6,26.2,19.3,12.6,5.7,190.8,7,1706.6,Large,Large,Large,3,33.6,2.6,6,2.4,2.8,3.7,4.4,4.3
CP,T25,13.2,20,17,3,56,49,41,36,28,12,0,222,49.5,43,36.5,26.4,19,0,0,174.4,5,1219,Medium,Medium,Medium,3,36.5,6.5,6,4.5,9.6,9,12,0
FR,T27,13.5,29,27,2,42,26,18,16,11,6,0,119,35.9,22,17,13.2,8.9,4.5,0,101.5,6,1462.8,Medium,Large,Large,3,17,6.1,4,1,2.8,2.1,1.5,0
FR,T28,7,9,8,1,10.5,7.1,5,3.2,0,0,0,25.8,8.6,5.8,3.6,1.6,0,0,0,19.6,4,975.2,Small,Small,Small,3,3.6,1.9,1.3,1.4,1.6,0,0,0
FR,T29,14.5,19.5,17.5,2,29.7,21.6,6.4,4.5,0,0,0,62.2,19.9,13.5,7.2,0,0,0,0,40.6,3,731.4,Medium,Medium,Medium,3,7.2,9.8,8.1,-0.8,4.5,0,0,0
FR,T30,10.5,15,13,2,13.1,8.2,4.3,3.4,0,0,0,29,11.6,5.2,3.2,2,0,0,0,22,4,975.2,Small,Small,Small,3,3.2,1.5,3,1.1,1.4,0,0,0
FR,T31,16.5,18.3,16,2.3,21.7,16.7,4.4,3.9,0,0,0,46.7,14.9,12.1,3.8,2.8,0,0,0,33.6,4,975.2,Large,Medium,Medium,3,3.8,6.8,4.6,0.6,1.1,0,0,0
FR,T32,15.5,20.2,18.4,1.8,23.2,18.7,15.2,8.2,5.3,2,0,72.6,19.9,17,12.7,7,4.1,1.6,0,62.3,6,1462.8,Large,Large,Large,3,12.7,3.3,1.7,2.5,1.2,1.2,0.4,0
FR,T33,10,15,13.5,1.5,20.8,15.1,9.9,6.4,2.4,0,0,54.6,16.6,11.6,7.7,5.2,2.2,0,0,43.3,5,1219,Small,Small,Medium,3,7.7,4.2,3.5,2.2,1.2,0.2,0,0
FR,T34,11,18,16,2,14.2,8.4,3.9,2.3,0,0,0,28.8,12.4,5,2.8,2,0,0,0,22.2,4,975.2,Medium,Medium,Medium,3,2.8,1.8,3.4,1.1,0.3,0,0,0
FR,T37,11.4,14.7,13,1.7,11.4,6.6,2.8,0.9,0,0,0,21.7,8.8,4.8,1.9,0.7,0,0,0,16.2,3,731.4,Medium,Small,Small,3,1.9,2.6,1.8,0.9,0.2,0,0,0
FR,T38,7,8,7.2,0.8,11,7.1,4.9,2.4,0,0,0,25.4,9,6,4.2,1.9,0,0,0,21.1,3,731.4,Small,Small,Small,3,4.2,2,1.1,0.7,0.5,0,0,0
FR,T39,6,12,10,2,14.1,8.6,5.1,1.7,0,0,0,15.4,11.4,6.2,6,0,0,0,0,23.6,4,975.2,Small,Small,Small,3,6,2.7,2.4,-0.9,1.7,0,0,0
FR,T40,6,11,10,1,14.2,9.9,6.9,4.6,1.7,1.6,0,38.9,11.1,7.8,5.4,3.3,1.1,1,0,29.7,6,1462.8,Small,Small,Small,3,5.4,3.1,2.1,1.5,1.3,0.6,0.6,0
FR,T41,10,17,15,2,18.8,12,9.5,6.3,3.3,9,0,49.9,14.7,9.2,4,2.5,0.6,0,0,31,5,1219,Small,Medium,Medium,3,4,4.1,2.8,5.5,3.8,2.7,9,0
FR,T43,9,10.4,9.3,1.1,14.7,9.3,6.5,4,0,0,0,34.5,11.6,7.4,5.1,2.8,0,0,0,26.9,5,1219,Small,Small,Small,3,5.1,3.1,1.9,1.4,1.2,0,0,0
FR,T44,11.5,18,17.2,0.8,27.8,17.1,13.2,10.3,6.7,2.5,0,77.6,21.9,14.4,10.8,8,4.8,1.8,0,61.7,6,1462.8,Medium,Medium,Medium,3,10.8,5.9,2.7,2.4,2.3,1.9,0.7,0
FR,T45,17,22,20.5,1.5,54.4,35.7,28,20.8,14.5,11,3.6,168,48.9,30.5,21.8,18.4,12.4,7.3,2.5,141.8,7,1706.6,Large,Large,Large,3,21.8,5.5,5.2,6.2,2.4,2.1,3.7,1.1
CP,T46,9,12.5,11.5,1,19,11,9,6,0,0,0,45,13,10,9,0,0,0,0,32,4,975.2,Small,Small,Small,3,9,6,1,0,6,0,0,0
CP,T48,11,15,14,1,25,18,13,10,5,0,0,71,21,14,10.5,7,4,0,0,56.5,6,1462.8,Medium,Small,Medium,3,10.5,4,4,2.5,3,1,0,0
CP,T49,4.5,7,6,1,9,8,4,2,0,0,0,23,8.5,7,4,2,0,0,0,21.5,5,1219,Small,Small,Small,3,4,0.5,1,0,0,0,0,0
CP,T50,12.5,15,14,1,33,23,19,14,9,5,1,104,29,21,16,12,8,4,1,91,7,1706.6,Medium,Small,Medium,3,16,4,2,3,2,1,1,0
CP,T51,12.5,17.5,16,1.5,36,24,20,16,11,7,2,116,30,21,17,13,9,5,2,97,7,1706.6,Medium,Medium,Medium,3,17,6,3,3,3,2,2,0
CP,T53,6,8,7,1,7.8,5.2,3,1.2,0,0,0,17.2,6,3.8,2.1,0.7,0,0,0,12.6,5,1219,Small,Small,Small,3,2.1,1.8,1.4,0.9,0.5,0,0,0
CP,T54,6.5,9.5,8,1.5,10,7,4,2,0,0,0,23,10,7,4,1.8,0,0,0,22.8,5,1219,Small,Small,Small,3,4,0,0,0,0.2,0,0,0
CP,T1,20,30.5,29,1.5,72.7,46.3,39.3,30.6,23.9,15.7,9.5,238,61.5,40.4,35.5,25.9,19.9,12.5,7,202.7,7,1706.6,Large,Large,Large,4,25.9,11.2,5.9,3.8,4.7,4,3.2,2.5
CP,T2,16,24,22,2,69.9,48.4,34.8,27.4,19.9,13.4,6,219.8,50,35.4,29.8,23,16.4,10.3,5.3,170.2,7,1706.6,Large,Large,Large,4,23,19.9,13,5,4.4,3.5,3.1,0.7
CP,T3,17,22,20,2,62,44,36,30,22,16,9,219,59,36,30,23,19,11,8,186,7,1706.6,Large,Large,Large,4,23,3,8,6,7,3,5,1
CP,T4,15,23,20,3,57,42,35,30,25,19,12,220,49,34,30,27,20,15,10,185,7,1706.6,Medium,Large,Large,4,27,8,8,5,3,5,4,2
CP,T5,17,20,18,2,53,49,36,30,25,16,11,220,50,46,30,28,19,13,9,195,7,1706.6,Large,Medium,Large,4,28,3,3,6,2,6,3,2
CP,T6,28,26,23,3,88,53,47,46,34,23,15,306,73,50,40,33,29,20,12,257,7,1706.6,Large,Large,Large,4,33,15,3,7,13,5,3,3
CP,T7,12.5,16,15,1,32,19,15,10,5,0,0,81,26,15,11,7,3,0,0,62,5,1219,Medium,Medium,Medium,4,7,6,4,4,3,2,0,0
CP,T8,15,18.5,17,1.5,57,43,33,29,21,14,8,205,50,39,31,25,19,11,4,179,7,1706.6,Medium,Medium,Medium,4,25,7,4,2,4,2,3,4
CP,T9,16,21,19.2,1.8,59.4,38,31.2,24.4,19.9,12.4,6.8,192.1,50.8,34.8,26.6,20.6,15.3,9.5,5.1,162.7,7,1706.6,Large,Large,Large,4,20.6,8.6,3.2,4.6,3.8,4.6,2.9,1.7
CP,T10,20,22,20,2,66.2,39.4,31.7,25.2,18.8,12.6,5.9,199.8,54.9,35.5,26.8,21,15.2,9.5,3.9,166.8,7,1706.6,Large,Large,Large,4,21,11.3,3.9,4.9,4.2,3.6,3.1,2
CP,T11,16,20.5,18.5,2,60,45.4,36.5,28.5,14.4,11.7,9,205.5,53.1,40.1,31.9,24.7,16.8,9.7,6.8,183.1,7,1706.6,Large,Large,Large,4,24.7,6.9,5.3,4.6,3.8,-2.4,2,2.2
CP,T12,15,20,18,2,58.3,45.4,37.4,30.1,22.4,14.6,7.4,215.6,52.1,41,33.3,26.4,19.4,12.4,5.9,190.5,7,1706.6,Medium,Medium,Large,4,26.4,6.2,4.4,4.1,3.7,3,2.2,1.5
CP,T13,16,18.7,17,1.7,54.2,40.7,34.1,29,21.9,16.1,8.9,204.9,48.4,36.8,30.7,26,19.7,13.6,7.4,182.6,7,1706.6,Large,Medium,Medium,4,26,5.8,3.9,3.4,3,2.2,2.5,1.5
CP,T14,16,32,28,4,66.3,46.7,40.9,32.3,24.9,17.3,9.5,237.9,58.5,41.9,36.7,28.7,21.7,14.6,7,209.1,7,1706.6,Large,Large,Large,4,28.7,7.8,4.8,4.2,3.6,3.2,2.7,2.5
CP,T15,22,24,22,2,81.1,55.7,44,37.9,29.6,19.4,12,284.7,69.5,48.1,37.7,32.2,24.8,16.9,10.4,239.6,7,1706.6,Large,Large,Large,4,32.2,11.6,7.6,6.3,5.7,4.8,2.5,1.6
CP,T16,15,22,20,2,45,35,29,25,15,11.5,8,168.5,37,30,24,22,17,10.5,6,146.5,7,1706.6,Medium,Large,Large,4,22,8,5,5,3,-2,1,2
CP,T17,10,18,16,2,42,37,30,28,22,18,0,177,38,32.5,27,22,16,19,0,154.5,6,1462.8,Small,Medium,Medium,4,22,4,4.5,3,6,6,-1,0
CP,T18,13,19.5,17,2.5,57,44,36.5,32,28,17,11.5,226,50,40,30.5,29.5,27,12.5,7,196.5,7,1706.6,Medium,Medium,Medium,4,29.5,7,4,6,2.5,1,4.5,4.5
CP,T19,13,18.1,16,2.1,45,35.4,26,18.5,13.5,7,0,145.4,36,28.5,19,15,9.5,5.5,0,113.5,7,1706.6,Medium,Medium,Medium,4,15,9,6.9,7,3.5,4,1.5,0
CP,T20,13.5,19,17,2,57,49.5,39,26,15,11.5,9.5,207.5,51,46.5,33,21.5,11,9,0,172,6,1462.8,Medium,Medium,Medium,4,21.5,6,3,6,4.5,4,2.5,9.5
CP,T21,13.2,19,17,2,59.5,42,36,23,16,9.1,5,190.6,49,31,19,16,17,7,3,142,7,1706.6,Medium,Medium,Medium,4,16,10.5,11,17,7,-1,2.1,2
CP,T22,18,23,21,2,70,47.1,38.6,30,22.1,15.5,7.8,231.1,60.7,42.2,34.2,26.5,19.7,12.5,6.5,202.3,7,1706.6,Large,Large,Large,4,26.5,9.3,4.9,4.4,3.5,2.4,3,1.3
CP,T23,15.5,14,12,2,59,33,29,21,18,10,1,171,49,29,21,19,12,7,0.75,137.75,7,1706.6,Large,Small,Small,4,19,10,4,8,2,6,3,0.25
CP,T24,16,21,19,2,56,46,36,29,23,17,10,217,53.4,40,33.6,26.2,19.3,12.6,5.7,190.8,7,1706.6,Large,Large,Large,4,26.2,2.6,6,2.4,2.8,3.7,4.4,4.3
CP,T25,13.2,20,17,3,56,49,41,36,28,12,0,222,49.5,43,36.5,26.4,19,0,0,174.4,5,1219,Medium,Medium,Medium,4,26.4,6.5,6,4.5,9.6,9,12,0
FR,T27,13.5,29,27,2,42,26,18,16,11,6,0,119,35.9,22,17,13.2,8.9,4.5,0,101.5,6,1462.8,Medium,Large,Large,4,13.2,6.1,4,1,2.8,2.1,1.5,0
FR,T28,7,9,8,1,10.5,7.1,5,3.2,0,0,0,25.8,8.6,5.8,3.6,1.6,0,0,0,19.6,4,975.2,Small,Small,Small,4,1.6,1.9,1.3,1.4,1.6,0,0,0
FR,T30,10.5,15,13,2,13.1,8.2,4.3,3.4,0,0,0,29,11.6,5.2,3.2,2,0,0,0,22,4,975.2,Small,Small,Small,4,2,1.5,3,1.1,1.4,0,0,0
FR,T31,16.5,18.3,16,2.3,21.7,16.7,4.4,3.9,0,0,0,46.7,14.9,12.1,3.8,2.8,0,0,0,33.6,4,975.2,Large,Medium,Medium,4,2.8,6.8,4.6,0.6,1.1,0,0,0
FR,T32,15.5,20.2,18.4,1.8,23.2,18.7,15.2,8.2,5.3,2,0,72.6,19.9,17,12.7,7,4.1,1.6,0,62.3,6,1462.8,Large,Large,Large,4,7,3.3,1.7,2.5,1.2,1.2,0.4,0
FR,T33,10,15,13.5,1.5,20.8,15.1,9.9,6.4,2.4,0,0,54.6,16.6,11.6,7.7,5.2,2.2,0,0,43.3,5,1219,Small,Small,Medium,4,5.2,4.2,3.5,2.2,1.2,0.2,0,0
FR,T34,11,18,16,2,14.2,8.4,3.9,2.3,0,0,0,28.8,12.4,5,2.8,2,0,0,0,22.2,4,975.2,Medium,Medium,Medium,4,2,1.8,3.4,1.1,0.3,0,0,0
FR,T37,11.4,14.7,13,1.7,11.4,6.6,2.8,0.9,0,0,0,21.7,8.8,4.8,1.9,0.7,0,0,0,16.2,3,731.4,Medium,Small,Small,4,0.7,2.6,1.8,0.9,0.2,0,0,0
FR,T38,7,8,7.2,0.8,11,7.1,4.9,2.4,0,0,0,25.4,9,6,4.2,1.9,0,0,0,21.1,3,731.4,Small,Small,Small,4,1.9,2,1.1,0.7,0.5,0,0,0
FR,T40,6,11,10,1,14.2,9.9,6.9,4.6,1.7,1.6,0,38.9,11.1,7.8,5.4,3.3,1.1,1,0,29.7,6,1462.8,Small,Small,Small,4,3.3,3.1,2.1,1.5,1.3,0.6,0.6,0
FR,T41,10,17,15,2,18.8,12,9.5,6.3,3.3,9,0,49.9,14.7,9.2,4,2.5,0.6,0,0,31,5,1219,Small,Medium,Medium,4,2.5,4.1,2.8,5.5,3.8,2.7,9,0
FR,T43,9,10.4,9.3,1.1,14.7,9.3,6.5,4,0,0,0,34.5,11.6,7.4,5.1,2.8,0,0,0,26.9,5,1219,Small,Small,Small,4,2.8,3.1,1.9,1.4,1.2,0,0,0
FR,T44,11.5,18,17.2,0.8,27.8,17.1,13.2,10.3,6.7,2.5,0,77.6,21.9,14.4,10.8,8,4.8,1.8,0,61.7,6,1462.8,Medium,Medium,Medium,4,8,5.9,2.7,2.4,2.3,1.9,0.7,0
FR,T45,17,22,20.5,1.5,54.4,35.7,28,20.8,14.5,11,3.6,168,48.9,30.5,21.8,18.4,12.4,7.3,2.5,141.8,7,1706.6,Large,Large,Large,4,18.4,5.5,5.2,6.2,2.4,2.1,3.7,1.1
CP,T48,11,15,14,1,25,18,13,10,5,0,0,71,21,14,10.5,7,4,0,0,56.5,6,1462.8,Medium,Small,Medium,4,7,4,4,2.5,3,1,0,0
CP,T49,4.5,7,6,1,9,8,4,2,0,0,0,23,8.5,7,4,2,0,0,0,21.5,5,1219,Small,Small,Small,4,2,0.5,1,0,0,0,0,0
CP,T50,12.5,15,14,1,33,23,19,14,9,5,1,104,29,21,16,12,8,4,1,91,7,1706.6,Medium,Small,Medium,4,12,4,2,3,2,1,1,0
CP,T51,12.5,17.5,16,1.5,36,24,20,16,11,7,2,116,30,21,17,13,9,5,2,97,7,1706.6,Medium,Medium,Medium,4,13,6,3,3,3,2,2,0
CP,T53,6,8,7,1,7.8,5.2,3,1.2,0,0,0,17.2,6,3.8,2.1,0.7,0,0,0,12.6,5,1219,Small,Small,Small,4,0.7,1.8,1.4,0.9,0.5,0,0,0
CP,T54,6.5,9.5,8,1.5,10,7,4,2,0,0,0,23,10,7,4,1.8,0,0,0,22.8,5,1219,Small,Small,Small,4,1.8,0,0,0,0.2,0,0,0
CP,T1,20,30.5,29,1.5,72.7,46.3,39.3,30.6,23.9,15.7,9.5,238,61.5,40.4,35.5,25.9,19.9,12.5,7,202.7,7,1706.6,Large,Large,Large,5,19.9,11.2,5.9,3.8,4.7,4,3.2,2.5
CP,T2,16,24,22,2,69.9,48.4,34.8,27.4,19.9,13.4,6,219.8,50,35.4,29.8,23,16.4,10.3,5.3,170.2,7,1706.6,Large,Large,Large,5,16.4,19.9,13,5,4.4,3.5,3.1,0.7
CP,T3,17,22,20,2,62,44,36,30,22,16,9,219,59,36,30,23,19,11,8,186,7,1706.6,Large,Large,Large,5,19,3,8,6,7,3,5,1
CP,T4,15,23,20,3,57,42,35,30,25,19,12,220,49,34,30,27,20,15,10,185,7,1706.6,Medium,Large,Large,5,20,8,8,5,3,5,4,2
CP,T5,17,20,18,2,53,49,36,30,25,16,11,220,50,46,30,28,19,13,9,195,7,1706.6,Large,Medium,Large,5,19,3,3,6,2,6,3,2
CP,T6,28,26,23,3,88,53,47,46,34,23,15,306,73,50,40,33,29,20,12,257,7,1706.6,Large,Large,Large,5,29,15,3,7,13,5,3,3
CP,T7,12.5,16,15,1,32,19,15,10,5,0,0,81,26,15,11,7,3,0,0,62,5,1219,Medium,Medium,Medium,5,3,6,4,4,3,2,0,0
CP,T8,15,18.5,17,1.5,57,43,33,29,21,14,8,205,50,39,31,25,19,11,4,179,7,1706.6,Medium,Medium,Medium,5,19,7,4,2,4,2,3,4
CP,T9,16,21,19.2,1.8,59.4,38,31.2,24.4,19.9,12.4,6.8,192.1,50.8,34.8,26.6,20.6,15.3,9.5,5.1,162.7,7,1706.6,Large,Large,Large,5,15.3,8.6,3.2,4.6,3.8,4.6,2.9,1.7
CP,T10,20,22,20,2,66.2,39.4,31.7,25.2,18.8,12.6,5.9,199.8,54.9,35.5,26.8,21,15.2,9.5,3.9,166.8,7,1706.6,Large,Large,Large,5,15.2,11.3,3.9,4.9,4.2,3.6,3.1,2
CP,T11,16,20.5,18.5,2,60,45.4,36.5,28.5,14.4,11.7,9,205.5,53.1,40.1,31.9,24.7,16.8,9.7,6.8,183.1,7,1706.6,Large,Large,Large,5,16.8,6.9,5.3,4.6,3.8,-2.4,2,2.2
CP,T12,15,20,18,2,58.3,45.4,37.4,30.1,22.4,14.6,7.4,215.6,52.1,41,33.3,26.4,19.4,12.4,5.9,190.5,7,1706.6,Medium,Medium,Large,5,19.4,6.2,4.4,4.1,3.7,3,2.2,1.5
CP,T13,16,18.7,17,1.7,54.2,40.7,34.1,29,21.9,16.1,8.9,204.9,48.4,36.8,30.7,26,19.7,13.6,7.4,182.6,7,1706.6,Large,Medium,Medium,5,19.7,5.8,3.9,3.4,3,2.2,2.5,1.5
CP,T14,16,32,28,4,66.3,46.7,40.9,32.3,24.9,17.3,9.5,237.9,58.5,41.9,36.7,28.7,21.7,14.6,7,209.1,7,1706.6,Large,Large,Large,5,21.7,7.8,4.8,4.2,3.6,3.2,2.7,2.5
CP,T15,22,24,22,2,81.1,55.7,44,37.9,29.6,19.4,12,284.7,69.5,48.1,37.7,32.2,24.8,16.9,10.4,239.6,7,1706.6,Large,Large,Large,5,24.8,11.6,7.6,6.3,5.7,4.8,2.5,1.6
CP,T16,15,22,20,2,45,35,29,25,15,11.5,8,168.5,37,30,24,22,17,10.5,6,146.5,7,1706.6,Medium,Large,Large,5,17,8,5,5,3,-2,1,2
CP,T17,10,18,16,2,42,37,30,28,22,18,0,177,38,32.5,27,22,16,19,0,154.5,6,1462.8,Small,Medium,Medium,5,16,4,4.5,3,6,6,-1,0
CP,T18,13,19.5,17,2.5,57,44,36.5,32,28,17,11.5,226,50,40,30.5,29.5,27,12.5,7,196.5,7,1706.6,Medium,Medium,Medium,5,27,7,4,6,2.5,1,4.5,4.5
CP,T19,13,18.1,16,2.1,45,35.4,26,18.5,13.5,7,0,145.4,36,28.5,19,15,9.5,5.5,0,113.5,7,1706.6,Medium,Medium,Medium,5,9.5,9,6.9,7,3.5,4,1.5,0
CP,T20,13.5,19,17,2,57,49.5,39,26,15,11.5,9.5,207.5,51,46.5,33,21.5,11,9,0,172,6,1462.8,Medium,Medium,Medium,5,11,6,3,6,4.5,4,2.5,9.5
CP,T21,13.2,19,17,2,59.5,42,36,23,16,9.1,5,190.6,49,31,19,16,17,7,3,142,7,1706.6,Medium,Medium,Medium,5,17,10.5,11,17,7,-1,2.1,2
CP,T22,18,23,21,2,70,47.1,38.6,30,22.1,15.5,7.8,231.1,60.7,42.2,34.2,26.5,19.7,12.5,6.5,202.3,7,1706.6,Large,Large,Large,5,19.7,9.3,4.9,4.4,3.5,2.4,3,1.3
CP,T23,15.5,14,12,2,59,33,29,21,18,10,1,171,49,29,21,19,12,7,0.75,137.75,7,1706.6,Large,Small,Small,5,12,10,4,8,2,6,3,0.25
CP,T24,16,21,19,2,56,46,36,29,23,17,10,217,53.4,40,33.6,26.2,19.3,12.6,5.7,190.8,7,1706.6,Large,Large,Large,5,19.3,2.6,6,2.4,2.8,3.7,4.4,4.3
CP,T25,13.2,20,17,3,56,49,41,36,28,12,0,222,49.5,43,36.5,26.4,19,0,0,174.4,5,1219,Medium,Medium,Medium,5,19,6.5,6,4.5,9.6,9,12,0
FR,T27,13.5,29,27,2,42,26,18,16,11,6,0,119,35.9,22,17,13.2,8.9,4.5,0,101.5,6,1462.8,Medium,Large,Large,5,8.9,6.1,4,1,2.8,2.1,1.5,0
FR,T32,15.5,20.2,18.4,1.8,23.2,18.7,15.2,8.2,5.3,2,0,72.6,19.9,17,12.7,7,4.1,1.6,0,62.3,6,1462.8,Large,Large,Large,5,4.1,3.3,1.7,2.5,1.2,1.2,0.4,0
FR,T33,10,15,13.5,1.5,20.8,15.1,9.9,6.4,2.4,0,0,54.6,16.6,11.6,7.7,5.2,2.2,0,0,43.3,5,1219,Small,Small,Medium,5,2.2,4.2,3.5,2.2,1.2,0.2,0,0
FR,T40,6,11,10,1,14.2,9.9,6.9,4.6,1.7,1.6,0,38.9,11.1,7.8,5.4,3.3,1.1,1,0,29.7,6,1462.8,Small,Small,Small,5,1.1,3.1,2.1,1.5,1.3,0.6,0.6,0
FR,T41,10,17,15,2,18.8,12,9.5,6.3,3.3,9,0,49.9,14.7,9.2,4,2.5,0.6,0,0,31,5,1219,Small,Medium,Medium,5,0.6,4.1,2.8,5.5,3.8,2.7,9,0
FR,T44,11.5,18,17.2,0.8,27.8,17.1,13.2,10.3,6.7,2.5,0,77.6,21.9,14.4,10.8,8,4.8,1.8,0,61.7,6,1462.8,Medium,Medium,Medium,5,4.8,5.9,2.7,2.4,2.3,1.9,0.7,0
FR,T45,17,22,20.5,1.5,54.4,35.7,28,20.8,14.5,11,3.6,168,48.9,30.5,21.8,18.4,12.4,7.3,2.5,141.8,7,1706.6,Large,Large,Large,5,12.4,5.5,5.2,6.2,2.4,2.1,3.7,1.1
CP,T48,11,15,14,1,25,18,13,10,5,0,0,71,21,14,10.5,7,4,0,0,56.5,6,1462.8,Medium,Small,Medium,5,4,4,4,2.5,3,1,0,0
CP,T50,12.5,15,14,1,33,23,19,14,9,5,1,104,29,21,16,12,8,4,1,91,7,1706.6,Medium,Small,Medium,5,8,4,2,3,2,1,1,0
CP,T51,12.5,17.5,16,1.5,36,24,20,16,11,7,2,116,30,21,17,13,9,5,2,97,7,1706.6,Medium,Medium,Medium,5,9,6,3,3,3,2,2,0
CP,T1,20,30.5,29,1.5,72.7,46.3,39.3,30.6,23.9,15.7,9.5,238,61.5,40.4,35.5,25.9,19.9,12.5,7,202.7,7,1706.6,Large,Large,Large,6,12.5,11.2,5.9,3.8,4.7,4,3.2,2.5
CP,T2,16,24,22,2,69.9,48.4,34.8,27.4,19.9,13.4,6,219.8,50,35.4,29.8,23,16.4,10.3,5.3,170.2,7,1706.6,Large,Large,Large,6,10.3,19.9,13,5,4.4,3.5,3.1,0.7
CP,T3,17,22,20,2,62,44,36,30,22,16,9,219,59,36,30,23,19,11,8,186,7,1706.6,Large,Large,Large,6,11,3,8,6,7,3,5,1
CP,T4,15,23,20,3,57,42,35,30,25,19,12,220,49,34,30,27,20,15,10,185,7,1706.6,Medium,Large,Large,6,15,8,8,5,3,5,4,2
CP,T5,17,20,18,2,53,49,36,30,25,16,11,220,50,46,30,28,19,13,9,195,7,1706.6,Large,Medium,Large,6,13,3,3,6,2,6,3,2
CP,T6,28,26,23,3,88,53,47,46,34,23,15,306,73,50,40,33,29,20,12,257,7,1706.6,Large,Large,Large,6,20,15,3,7,13,5,3,3
CP,T8,15,18.5,17,1.5,57,43,33,29,21,14,8,205,50,39,31,25,19,11,4,179,7,1706.6,Medium,Medium,Medium,6,11,7,4,2,4,2,3,4
CP,T9,16,21,19.2,1.8,59.4,38,31.2,24.4,19.9,12.4,6.8,192.1,50.8,34.8,26.6,20.6,15.3,9.5,5.1,162.7,7,1706.6,Large,Large,Large,6,9.5,8.6,3.2,4.6,3.8,4.6,2.9,1.7
CP,T10,20,22,20,2,66.2,39.4,31.7,25.2,18.8,12.6,5.9,199.8,54.9,35.5,26.8,21,15.2,9.5,3.9,166.8,7,1706.6,Large,Large,Large,6,9.5,11.3,3.9,4.9,4.2,3.6,3.1,2
CP,T11,16,20.5,18.5,2,60,45.4,36.5,28.5,14.4,11.7,9,205.5,53.1,40.1,31.9,24.7,16.8,9.7,6.8,183.1,7,1706.6,Large,Large,Large,6,9.7,6.9,5.3,4.6,3.8,-2.4,2,2.2
CP,T12,15,20,18,2,58.3,45.4,37.4,30.1,22.4,14.6,7.4,215.6,52.1,41,33.3,26.4,19.4,12.4,5.9,190.5,7,1706.6,Medium,Medium,Large,6,12.4,6.2,4.4,4.1,3.7,3,2.2,1.5
CP,T13,16,18.7,17,1.7,54.2,40.7,34.1,29,21.9,16.1,8.9,204.9,48.4,36.8,30.7,26,19.7,13.6,7.4,182.6,7,1706.6,Large,Medium,Medium,6,13.6,5.8,3.9,3.4,3,2.2,2.5,1.5
CP,T14,16,32,28,4,66.3,46.7,40.9,32.3,24.9,17.3,9.5,237.9,58.5,41.9,36.7,28.7,21.7,14.6,7,209.1,7,1706.6,Large,Large,Large,6,14.6,7.8,4.8,4.2,3.6,3.2,2.7,2.5
CP,T15,22,24,22,2,81.1,55.7,44,37.9,29.6,19.4,12,284.7,69.5,48.1,37.7,32.2,24.8,16.9,10.4,239.6,7,1706.6,Large,Large,Large,6,16.9,11.6,7.6,6.3,5.7,4.8,2.5,1.6
CP,T16,15,22,20,2,45,35,29,25,15,11.5,8,168.5,37,30,24,22,17,10.5,6,146.5,7,1706.6,Medium,Large,Large,6,10.5,8,5,5,3,-2,1,2
CP,T17,10,18,16,2,42,37,30,28,22,18,0,177,38,32.5,27,22,16,19,0,154.5,6,1462.8,Small,Medium,Medium,6,19,4,4.5,3,6,6,-1,0
CP,T18,13,19.5,17,2.5,57,44,36.5,32,28,17,11.5,226,50,40,30.5,29.5,27,12.5,7,196.5,7,1706.6,Medium,Medium,Medium,6,12.5,7,4,6,2.5,1,4.5,4.5
CP,T19,13,18.1,16,2.1,45,35.4,26,18.5,13.5,7,0,145.4,36,28.5,19,15,9.5,5.5,0,113.5,7,1706.6,Medium,Medium,Medium,6,5.5,9,6.9,7,3.5,4,1.5,0
CP,T20,13.5,19,17,2,57,49.5,39,26,15,11.5,9.5,207.5,51,46.5,33,21.5,11,9,0,172,6,1462.8,Medium,Medium,Medium,6,9,6,3,6,4.5,4,2.5,9.5
CP,T21,13.2,19,17,2,59.5,42,36,23,16,9.1,5,190.6,49,31,19,16,17,7,3,142,7,1706.6,Medium,Medium,Medium,6,7,10.5,11,17,7,-1,2.1,2
CP,T22,18,23,21,2,70,47.1,38.6,30,22.1,15.5,7.8,231.1,60.7,42.2,34.2,26.5,19.7,12.5,6.5,202.3,7,1706.6,Large,Large,Large,6,12.5,9.3,4.9,4.4,3.5,2.4,3,1.3
CP,T23,15.5,14,12,2,59,33,29,21,18,10,1,171,49,29,21,19,12,7,0.75,137.75,7,1706.6,Large,Small,Small,6,7,10,4,8,2,6,3,0.25
CP,T24,16,21,19,2,56,46,36,29,23,17,10,217,53.4,40,33.6,26.2,19.3,12.6,5.7,190.8,7,1706.6,Large,Large,Large,6,12.6,2.6,6,2.4,2.8,3.7,4.4,4.3
FR,T27,13.5,29,27,2,42,26,18,16,11,6,0,119,35.9,22,17,13.2,8.9,4.5,0,101.5,6,1462.8,Medium,Large,Large,6,4.5,6.1,4,1,2.8,2.1,1.5,0
FR,T32,15.5,20.2,18.4,1.8,23.2,18.7,15.2,8.2,5.3,2,0,72.6,19.9,17,12.7,7,4.1,1.6,0,62.3,6,1462.8,Large,Large,Large,6,1.6,3.3,1.7,2.5,1.2,1.2,0.4,0
FR,T40,6,11,10,1,14.2,9.9,6.9,4.6,1.7,1.6,0,38.9,11.1,7.8,5.4,3.3,1.1,1,0,29.7,6,1462.8,Small,Small,Small,6,1,3.1,2.1,1.5,1.3,0.6,0.6,0
FR,T44,11.5,18,17.2,0.8,27.8,17.1,13.2,10.3,6.7,2.5,0,77.6,21.9,14.4,10.8,8,4.8,1.8,0,61.7,6,1462.8,Medium,Medium,Medium,6,1.8,5.9,2.7,2.4,2.3,1.9,0.7,0
FR,T45,17,22,20.5,1.5,54.4,35.7,28,20.8,14.5,11,3.6,168,48.9,30.5,21.8,18.4,12.4,7.3,2.5,141.8,7,1706.6,Large,Large,Large,6,7.3,5.5,5.2,6.2,2.4,2.1,3.7,1.1
CP,T50,12.5,15,14,1,33,23,19,14,9,5,1,104,29,21,16,12,8,4,1,91,7,1706.6,Medium,Small,Medium,6,4,4,2,3,2,1,1,0
CP,T51,12.5,17.5,16,1.5,36,24,20,16,11,7,2,116,30,21,17,13,9,5,2,97,7,1706.6,Medium,Medium,Medium,6,5,6,3,3,3,2,2,0
CP,T1,20,30.5,29,1.5,72.7,46.3,39.3,30.6,23.9,15.7,9.5,238,61.5,40.4,35.5,25.9,19.9,12.5,7,202.7,7,1706.6,Large,Large,Large,7,7,11.2,5.9,3.8,4.7,4,3.2,2.5
CP,T2,16,24,22,2,69.9,48.4,34.8,27.4,19.9,13.4,6,219.8,50,35.4,29.8,23,16.4,10.3,5.3,170.2,7,1706.6,Large,Large,Large,7,5.3,19.9,13,5,4.4,3.5,3.1,0.7
CP,T3,17,22,20,2,62,44,36,30,22,16,9,219,59,36,30,23,19,11,8,186,7,1706.6,Large,Large,Large,7,8,3,8,6,7,3,5,1
CP,T4,15,23,20,3,57,42,35,30,25,19,12,220,49,34,30,27,20,15,10,185,7,1706.6,Medium,Large,Large,7,10,8,8,5,3,5,4,2
CP,T5,17,20,18,2,53,49,36,30,25,16,11,220,50,46,30,28,19,13,9,195,7,1706.6,Large,Medium,Large,7,9,3,3,6,2,6,3,2
CP,T6,28,26,23,3,88,53,47,46,34,23,15,306,73,50,40,33,29,20,12,257,7,1706.6,Large,Large,Large,7,12,15,3,7,13,5,3,3
CP,T8,15,18.5,17,1.5,57,43,33,29,21,14,8,205,50,39,31,25,19,11,4,179,7,1706.6,Medium,Medium,Medium,7,4,7,4,2,4,2,3,4
CP,T9,16,21,19.2,1.8,59.4,38,31.2,24.4,19.9,12.4,6.8,192.1,50.8,34.8,26.6,20.6,15.3,9.5,5.1,162.7,7,1706.6,Large,Large,Large,7,5.1,8.6,3.2,4.6,3.8,4.6,2.9,1.7
CP,T10,20,22,20,2,66.2,39.4,31.7,25.2,18.8,12.6,5.9,199.8,54.9,35.5,26.8,21,15.2,9.5,3.9,166.8,7,1706.6,Large,Large,Large,7,3.9,11.3,3.9,4.9,4.2,3.6,3.1,2
CP,T11,16,20.5,18.5,2,60,45.4,36.5,28.5,14.4,11.7,9,205.5,53.1,40.1,31.9,24.7,16.8,9.7,6.8,183.1,7,1706.6,Large,Large,Large,7,6.8,6.9,5.3,4.6,3.8,-2.4,2,2.2
CP,T12,15,20,18,2,58.3,45.4,37.4,30.1,22.4,14.6,7.4,215.6,52.1,41,33.3,26.4,19.4,12.4,5.9,190.5,7,1706.6,Medium,Medium,Large,7,5.9,6.2,4.4,4.1,3.7,3,2.2,1.5
CP,T13,16,18.7,17,1.7,54.2,40.7,34.1,29,21.9,16.1,8.9,204.9,48.4,36.8,30.7,26,19.7,13.6,7.4,182.6,7,1706.6,Large,Medium,Medium,7,7.4,5.8,3.9,3.4,3,2.2,2.5,1.5
CP,T14,16,32,28,4,66.3,46.7,40.9,32.3,24.9,17.3,9.5,237.9,58.5,41.9,36.7,28.7,21.7,14.6,7,209.1,7,1706.6,Large,Large,Large,7,7,7.8,4.8,4.2,3.6,3.2,2.7,2.5
CP,T15,22,24,22,2,81.1,55.7,44,37.9,29.6,19.4,12,284.7,69.5,48.1,37.7,32.2,24.8,16.9,10.4,239.6,7,1706.6,Large,Large,Large,7,10.4,11.6,7.6,6.3,5.7,4.8,2.5,1.6
CP,T16,15,22,20,2,45,35,29,25,15,11.5,8,168.5,37,30,24,22,17,10.5,6,146.5,7,1706.6,Medium,Large,Large,7,6,8,5,5,3,-2,1,2
CP,T18,13,19.5,17,2.5,57,44,36.5,32,28,17,11.5,226,50,40,30.5,29.5,27,12.5,7,196.5,7,1706.6,Medium,Medium,Medium,7,7,7,4,6,2.5,1,4.5,4.5
CP,T21,13.2,19,17,2,59.5,42,36,23,16,9.1,5,190.6,49,31,19,16,17,7,3,142,7,1706.6,Medium,Medium,Medium,7,3,10.5,11,17,7,-1,2.1,2
CP,T22,18,23,21,2,70,47.1,38.6,30,22.1,15.5,7.8,231.1,60.7,42.2,34.2,26.5,19.7,12.5,6.5,202.3,7,1706.6,Large,Large,Large,7,6.5,9.3,4.9,4.4,3.5,2.4,3,1.3
CP,T23,15.5,14,12,2,59,33,29,21,18,10,1,171,49,29,21,19,12,7,0.75,137.75,7,1706.6,Large,Small,Small,7,0.75,10,4,8,2,6,3,0.25
CP,T24,16,21,19,2,56,46,36,29,23,17,10,217,53.4,40,33.6,26.2,19.3,12.6,5.7,190.8,7,1706.6,Large,Large,Large,7,5.7,2.6,6,2.4,2.8,3.7,4.4,4.3
FR,T45,17,22,20.5,1.5,54.4,35.7,28,20.8,14.5,11,3.6,168,48.9,30.5,21.8,18.4,12.4,7.3,2.5,141.8,7,1706.6,Large,Large,Large,7,2.5,5.5,5.2,6.2,2.4,2.1,3.7,1.1
CP,T50,12.5,15,14,1,33,23,19,14,9,5,1,104,29,21,16,12,8,4,1,91,7,1706.6,Medium,Small,Medium,7,1,4,2,3,2,1,1,0
CP,T51,12.5,17.5,16,1.5,36,24,20,16,11,7,2,116,30,21,17,13,9,5,2,97,7,1706.6,Medium,Medium,Medium,7,2,6,3,3,3,2,2,0
